{"cameraMode":{"drawMode":2,"name":"Shaded Wireframe","section":"Shading Mode"},"sceneLighting":true,"audioPlay":false,"sceneViewState":{"m_AlwaysRefresh":false,"showFog":true,"showSkybox":true,"showFlares":true,"showImageEffects":true,"showParticleSystems":true,"showVisualEffectGraphs":true,"m_FxEnabled":true},"in2DMode":false,"pivot":{"x":1.60701584815979,"y":1.0665055513381959,"z":-0.17014922201633454},"rotation":{"x":0.053833894431591037,"y":-0.07184994965791702,"z":0.0038830928970128299,"w":0.9959561228752136},"size":4.038821697235107,"orthographic":false}